{
  "version": "2.0",
  "risk_auc": 0.5070544224714948,
  "prem_r2": 0.998153338351732,
  "prem_mae": 8567.9468928677,
  "calibrated": true,
  "levies": {
    "stamp": 0.01,
    "vat": 0.06,
    "cess": 0.005
  }
}